{
    "No Poverty": 1.1998389830508474,
    "Zero Hunger": 0.1535,
    "Good Health and Well-being": 1.0289724576271186,
    "Quality Education": 6.851419491525424,
    "Gender Equality": 0.16303813559322033,
    "Clean Water and Sanitation": 0.08994915254237289,
    "Affordable and Clean Energy": 0.2943665254237288,
    "Decent Work and Economic Growth": 7.6868919491525425,
    "Industry, Innovation and Infrastructure": 6.5462669491525425,
    "Reduced Inequalities": 1.6329724576271187,
    "Sustainable Cities and Communities": 0.6080360169491525,
    "Responsible Consumption and Production": 4.589843220338983,
    "Climate Action": 1.3636080508474577,
    "Life Below Water": 0.1312542372881356,
    "Life on Land": 0.12912923728813558,
    "Peace, Justice and Strong Institutions": 4.802266949152543,
    "Partnerships for the Goals": 3.4754406779661013
}