{
    "No Poverty": 0.7545240083507306,
    "Zero Hunger": 0.25340153096729295,
    "Good Health and Well-being": 1.6603583855254,
    "Quality Education": 7.396607515657619,
    "Gender Equality": 0.9908643006263048,
    "Clean Water and Sanitation": 0.11186012526096033,
    "Affordable and Clean Energy": 0.33037091162143356,
    "Decent Work and Economic Growth": 4.356560194850383,
    "Industry, Innovation and Infrastructure": 3.9471858037578285,
    "Reduced Inequalities": 2.9223750869867784,
    "Sustainable Cities and Communities": 1.1668983994432847,
    "Responsible Consumption and Production": 1.667918928322895,
    "Climate Action": 0.7724676409185804,
    "Life Below Water": 0.1734739039665971,
    "Life on Land": 0.5601931106471816,
    "Peace, Justice and Strong Institutions": 4.638051496172582,
    "Partnerships for the Goals": 3.13833959638135
}