{
    "No Poverty": 0.3418590163934426,
    "Zero Hunger": 0.28847213114754094,
    "Good Health and Well-being": 1.1901770491803279,
    "Quality Education": 8.127904918032787,
    "Gender Equality": 1.3784590163934427,
    "Clean Water and Sanitation": 0.045252459016393444,
    "Affordable and Clean Energy": 0.022304918032786884,
    "Decent Work and Economic Growth": 2.069032786885246,
    "Industry, Innovation and Infrastructure": 1.7632163934426228,
    "Reduced Inequalities": 3.3006655737704915,
    "Sustainable Cities and Communities": 1.605872131147541,
    "Responsible Consumption and Production": 0.8977081967213114,
    "Climate Action": 0.20914098360655736,
    "Life Below Water": 0.16981639344262295,
    "Life on Land": 0.7434262295081967,
    "Peace, Justice and Strong Institutions": 4.285757377049181,
    "Partnerships for the Goals": 2.340426229508197
}