{
    "No Poverty": 0.4008,
    "Zero Hunger": 0.5341333333333333,
    "Good Health and Well-being": 1.7007333333333332,
    "Quality Education": 7.933333333333334,
    "Gender Equality": 0.7008666666666666,
    "Clean Water and Sanitation": 0.33426666666666666,
    "Affordable and Clean Energy": 0.5342666666666667,
    "Decent Work and Economic Growth": 5.200066666666667,
    "Industry, Innovation and Infrastructure": 6.5534,
    "Reduced Inequalities": 2.7004,
    "Sustainable Cities and Communities": 3.8136666666666668,
    "Responsible Consumption and Production": 2.320466666666667,
    "Climate Action": 0.9675333333333334,
    "Life Below Water": 0.001,
    "Life on Land": 1.2473999999999998,
    "Peace, Justice and Strong Institutions": 2.5136666666666665,
    "Partnerships for the Goals": 5.820133333333334
}