{
    "No Poverty": 0.6681181102362205,
    "Zero Hunger": 0.19189370078740156,
    "Good Health and Well-being": 0.9023858267716535,
    "Quality Education": 7.295895669291339,
    "Gender Equality": 0.24405905511811024,
    "Clean Water and Sanitation": 0.09153149606299212,
    "Affordable and Clean Energy": 0.3269212598425197,
    "Decent Work and Economic Growth": 7.011633858267716,
    "Industry, Innovation and Infrastructure": 6.650064960629922,
    "Reduced Inequalities": 1.2463464566929134,
    "Sustainable Cities and Communities": 0.44144291338582675,
    "Responsible Consumption and Production": 4.172092519685039,
    "Climate Action": 0.9828917322834645,
    "Life Below Water": 0.12498818897637795,
    "Life on Land": 0.19031299212598426,
    "Peace, Justice and Strong Institutions": 4.382216535433071,
    "Partnerships for the Goals": 3.398958661417323
}