{
    "No Poverty": 1.8513283582089552,
    "Zero Hunger": 0.5008507462686568,
    "Good Health and Well-being": 1.8259402985074626,
    "Quality Education": 6.250835820895522,
    "Gender Equality": 1.6798507462686567,
    "Clean Water and Sanitation": 0.3814925373134328,
    "Affordable and Clean Energy": 1.4112537313432836,
    "Decent Work and Economic Growth": 5.725492537313433,
    "Industry, Innovation and Infrastructure": 6.632985074626866,
    "Reduced Inequalities": 5.515089552238806,
    "Sustainable Cities and Communities": 2.0036119402985073,
    "Responsible Consumption and Production": 2.0542686567164177,
    "Climate Action": 2.7871940298507463,
    "Life Below Water": 0.5158507462686567,
    "Life on Land": 1.1127164179104478,
    "Peace, Justice and Strong Institutions": 6.464298507462686,
    "Partnerships for the Goals": 5.855298507462686
}