{
    "No Poverty": 0.8448681818181819,
    "Zero Hunger": 0.13731363636363636,
    "Good Health and Well-being": 1.3530000000000002,
    "Quality Education": 6.643222727272727,
    "Gender Equality": 1.0676136363636364,
    "Clean Water and Sanitation": 0.06914545454545454,
    "Affordable and Clean Energy": 0.21820454545454546,
    "Decent Work and Economic Growth": 4.759254545454546,
    "Industry, Innovation and Infrastructure": 3.2077045454545456,
    "Reduced Inequalities": 3.344968181818182,
    "Sustainable Cities and Communities": 0.6949227272727273,
    "Responsible Consumption and Production": 1.3120227272727272,
    "Climate Action": 0.9317409090909091,
    "Life Below Water": 0.3850363636363636,
    "Life on Land": 0.5163409090909091,
    "Peace, Justice and Strong Institutions": 9.47864090909091,
    "Partnerships for the Goals": 3.338990909090909
}