{
    "No Poverty": 0.07292086330935252,
    "Zero Hunger": 0.12470503597122302,
    "Good Health and Well-being": 3.9774604316546758,
    "Quality Education": 7.593525179856115,
    "Gender Equality": 0.3677985611510792,
    "Clean Water and Sanitation": 0.05853237410071942,
    "Affordable and Clean Energy": 0.32827338129496403,
    "Decent Work and Economic Growth": 3.2714676258992803,
    "Industry, Innovation and Infrastructure": 4.872827338129496,
    "Reduced Inequalities": 1.5214676258992805,
    "Sustainable Cities and Communities": 0.21316546762589927,
    "Responsible Consumption and Production": 0.5583812949640288,
    "Climate Action": 0.2887122302158273,
    "Life Below Water": 0.04414388489208633,
    "Life on Land": 0.19157553956834533,
    "Peace, Justice and Strong Institutions": 1.2747266187050361,
    "Partnerships for the Goals": 1.1689928057553958
}