{
    "No Poverty": 0.09873184357541899,
    "Zero Hunger": 0.014960893854748603,
    "Good Health and Well-being": 0.9890223463687151,
    "Quality Education": 7.61454189944134,
    "Gender Equality": 1.0930055865921788,
    "Clean Water and Sanitation": 0.003787709497206704,
    "Affordable and Clean Energy": 0.13337988826815642,
    "Decent Work and Economic Growth": 5.470469273743017,
    "Industry, Innovation and Infrastructure": 6.7436256983240215,
    "Reduced Inequalities": 2.26422905027933,
    "Sustainable Cities and Communities": 0.7354357541899441,
    "Responsible Consumption and Production": 1.3335195530726256,
    "Climate Action": 0.2975810055865922,
    "Life Below Water": 0.04288826815642458,
    "Life on Land": 0.17134078212290504,
    "Peace, Justice and Strong Institutions": 3.806949720670391,
    "Partnerships for the Goals": 3.0075474860335194
}