{
    "No Poverty": 0.29265103189493435,
    "Zero Hunger": 0.1570450281425891,
    "Good Health and Well-being": 0.9853470919324578,
    "Quality Education": 8.922714821763602,
    "Gender Equality": 0.8257842401500938,
    "Clean Water and Sanitation": 0.028193245778611632,
    "Affordable and Clean Energy": 0.19889868667917449,
    "Decent Work and Economic Growth": 2.7395028142589117,
    "Industry, Innovation and Infrastructure": 1.270622889305816,
    "Reduced Inequalities": 2.9789268292682927,
    "Sustainable Cities and Communities": 0.7872551594746717,
    "Responsible Consumption and Production": 0.9861369606003753,
    "Climate Action": 0.35476360225140713,
    "Life Below Water": 0.13603939962476547,
    "Life on Land": 0.36467729831144463,
    "Peace, Justice and Strong Institutions": 2.7895590994371484,
    "Partnerships for the Goals": 2.2181651031894933
}