{
    "No Poverty": 2.2291058558558556,
    "Zero Hunger": 0.5537905405405406,
    "Good Health and Well-being": 1.6571914414414415,
    "Quality Education": 6.044722972972973,
    "Gender Equality": 1.1715067567567568,
    "Clean Water and Sanitation": 0.40450675675675674,
    "Affordable and Clean Energy": 0.7186509009009009,
    "Decent Work and Economic Growth": 5.237342342342343,
    "Industry, Innovation and Infrastructure": 4.339015765765765,
    "Reduced Inequalities": 5.128121621621622,
    "Sustainable Cities and Communities": 3.0878963963963963,
    "Responsible Consumption and Production": 1.7790270270270272,
    "Climate Action": 1.7101824324324324,
    "Life Below Water": 0.19127477477477478,
    "Life on Land": 1.4984639639639639,
    "Peace, Justice and Strong Institutions": 6.751623873873874,
    "Partnerships for the Goals": 3.9802567567567566
}