{
    "No Poverty": 0.3278076923076923,
    "Zero Hunger": 0.3624538461538461,
    "Good Health and Well-being": 2.9643923076923073,
    "Quality Education": 8.871569230769232,
    "Gender Equality": 0.8508461538461538,
    "Clean Water and Sanitation": 0.10481538461538462,
    "Affordable and Clean Energy": 0.23942307692307693,
    "Decent Work and Economic Growth": 3.6902307692307694,
    "Industry, Innovation and Infrastructure": 2.7866076923076926,
    "Reduced Inequalities": 2.9965615384615383,
    "Sustainable Cities and Communities": 0.9931153846153845,
    "Responsible Consumption and Production": 1.036146153846154,
    "Climate Action": 0.5224538461538462,
    "Life Below Water": 0.19712307692307693,
    "Life on Land": 0.5701153846153846,
    "Peace, Justice and Strong Institutions": 3.3348692307692307,
    "Partnerships for the Goals": 2.832653846153846
}