{
    "No Poverty": 0.052157480314960626,
    "Zero Hunger": 0.04822047244094488,
    "Good Health and Well-being": 0.651244094488189,
    "Quality Education": 7.649614173228346,
    "Gender Equality": 0.14270078740157482,
    "Clean Water and Sanitation": 0.01674015748031496,
    "Affordable and Clean Energy": 0.13481889763779528,
    "Decent Work and Economic Growth": 5.415787401574803,
    "Industry, Innovation and Infrastructure": 8.574811023622047,
    "Reduced Inequalities": 0.7503779527559056,
    "Sustainable Cities and Communities": 0.6528110236220472,
    "Responsible Consumption and Production": 0.7448110236220472,
    "Climate Action": 0.09940157480314961,
    "Life Below Water": 0.01674015748031496,
    "Life on Land": 0.08364566929133858,
    "Peace, Justice and Strong Institutions": 2.265771653543307,
    "Partnerships for the Goals": 2.9058425196850393
}