{
    "No Poverty": 0.9099090909090909,
    "Zero Hunger": 0.8643636363636363,
    "Good Health and Well-being": 5.3184545454545455,
    "Quality Education": 8.5,
    "Gender Equality": 0.7280909090909091,
    "Clean Water and Sanitation": 0.001,
    "Affordable and Clean Energy": 0.001,
    "Decent Work and Economic Growth": 5.318272727272727,
    "Industry, Innovation and Infrastructure": 5.181909090909091,
    "Reduced Inequalities": 1.9551818181818184,
    "Sustainable Cities and Communities": 3.8184545454545455,
    "Responsible Consumption and Production": 1.0917272727272727,
    "Climate Action": 0.5463636363636364,
    "Life Below Water": 0.001,
    "Life on Land": 1.618818181818182,
    "Peace, Justice and Strong Institutions": 1.5915454545454546,
    "Partnerships for the Goals": 6.318181818181818
}