{
    "No Poverty": 1.3803157894736842,
    "Zero Hunger": 0.43321804511278195,
    "Good Health and Well-being": 0.7023233082706767,
    "Quality Education": 4.479225563909774,
    "Gender Equality": 0.6926315789473685,
    "Clean Water and Sanitation": 0.027300751879699246,
    "Affordable and Clean Energy": 0.8677443609022556,
    "Decent Work and Economic Growth": 4.046857142857142,
    "Industry, Innovation and Infrastructure": 3.137917293233083,
    "Reduced Inequalities": 3.6732857142857145,
    "Sustainable Cities and Communities": 0.598593984962406,
    "Responsible Consumption and Production": 0.5196541353383459,
    "Climate Action": 1.1151127819548872,
    "Life Below Water": 0.5632857142857143,
    "Life on Land": 0.29790977443609024,
    "Peace, Justice and Strong Institutions": 8.901533834586466,
    "Partnerships for the Goals": 6.757984962406015
}