{
    "No Poverty": 0.001,
    "Zero Hunger": 0.08193333333333333,
    "Good Health and Well-being": 8.980952380952381,
    "Quality Education": 6.700009523809523,
    "Gender Equality": 5.104809523809524,
    "Clean Water and Sanitation": 0.010523809523809524,
    "Affordable and Clean Energy": 0.001,
    "Decent Work and Economic Growth": 0.06761904761904762,
    "Industry, Innovation and Infrastructure": 0.08668571428571428,
    "Reduced Inequalities": 2.5573714285714284,
    "Sustainable Cities and Communities": 0.6865238095238094,
    "Responsible Consumption and Production": 0.36274285714285714,
    "Climate Action": 0.010523809523809524,
    "Life Below Water": 0.029552380952380955,
    "Life on Land": 0.33426666666666666,
    "Peace, Justice and Strong Institutions": 1.2823619047619048,
    "Partnerships for the Goals": 1.0891142857142857
}