{
    "No Poverty": 1.046181818181818,
    "Zero Hunger": 0.8643636363636363,
    "Good Health and Well-being": 5.273,
    "Quality Education": 8.5,
    "Gender Equality": 0.7280909090909091,
    "Clean Water and Sanitation": 0.13727272727272727,
    "Affordable and Clean Energy": 0.001,
    "Decent Work and Economic Growth": 5.5,
    "Industry, Innovation and Infrastructure": 5.181909090909091,
    "Reduced Inequalities": 2.2732727272727273,
    "Sustainable Cities and Communities": 3.4094545454545453,
    "Responsible Consumption and Production": 1.0917272727272727,
    "Climate Action": 0.5463636363636364,
    "Life Below Water": 0.001,
    "Life on Land": 1.618818181818182,
    "Peace, Justice and Strong Institutions": 1.8641818181818182,
    "Partnerships for the Goals": 6.318181818181818
}