{
    "No Poverty": 0.3170262664165103,
    "Zero Hunger": 0.16867542213883677,
    "Good Health and Well-being": 0.9892851782363977,
    "Quality Education": 8.887909943714822,
    "Gender Equality": 0.8342232645403378,
    "Clean Water and Sanitation": 0.03288180112570357,
    "Affordable and Clean Energy": 0.20152443609022555,
    "Decent Work and Economic Growth": 2.7573170731707317,
    "Industry, Innovation and Infrastructure": 1.2921838649155724,
    "Reduced Inequalities": 2.983613508442777,
    "Sustainable Cities and Communities": 0.8078761726078799,
    "Responsible Consumption and Production": 0.9861294559099436,
    "Climate Action": 0.35382363977485926,
    "Life Below Water": 0.1444765478424015,
    "Life on Land": 0.3731163227016886,
    "Peace, Justice and Strong Institutions": 2.7858086303939964,
    "Partnerships for the Goals": 2.224356472795497
}