{
    "No Poverty": 2.27525,
    "Zero Hunger": 0.5627927927927928,
    "Good Health and Well-being": 1.6486373873873874,
    "Quality Education": 6.038518018018018,
    "Gender Equality": 1.1805135135135136,
    "Clean Water and Sanitation": 0.4076772009029345,
    "Affordable and Clean Energy": 0.7298122171945701,
    "Decent Work and Economic Growth": 5.194999999999999,
    "Industry, Innovation and Infrastructure": 4.320589164785553,
    "Reduced Inequalities": 5.102675675675676,
    "Sustainable Cities and Communities": 3.0867567567567566,
    "Responsible Consumption and Production": 1.7797027027027026,
    "Climate Action": 1.7108558558558558,
    "Life Below Water": 0.19239864864864864,
    "Life on Land": 1.5013873873873873,
    "Peace, Justice and Strong Institutions": 6.677756756756756,
    "Partnerships for the Goals": 3.987565315315315
}