{
    "No Poverty": 0.8903045454545454,
    "Zero Hunger": 0.13731363636363636,
    "Good Health and Well-being": 1.3439136363636364,
    "Quality Education": 6.518227272727272,
    "Gender Equality": 1.0766954545454546,
    "Clean Water and Sanitation": 0.06914545454545454,
    "Affordable and Clean Energy": 0.20548181818181818,
    "Decent Work and Economic Growth": 4.756981818181819,
    "Industry, Innovation and Infrastructure": 3.1736136363636365,
    "Reduced Inequalities": 3.3676863636363636,
    "Sustainable Cities and Communities": 0.7099181818181818,
    "Responsible Consumption and Production": 1.2506681818181817,
    "Climate Action": 0.9090181818181818,
    "Life Below Water": 0.3895772727272727,
    "Life on Land": 0.5163409090909091,
    "Peace, Justice and Strong Institutions": 9.471822727272727,
    "Partnerships for the Goals": 3.3435272727272727
}