{
    "No Poverty": 0.33933846153846153,
    "Zero Hunger": 0.3624538461538461,
    "Good Health and Well-being": 2.9451692307692308,
    "Quality Education": 8.857723076923076,
    "Gender Equality": 0.8469769230769231,
    "Clean Water and Sanitation": 0.1125,
    "Affordable and Clean Energy": 0.23942307692307693,
    "Decent Work and Economic Growth": 3.705607692307692,
    "Industry, Innovation and Infrastructure": 2.7981384615384615,
    "Reduced Inequalities": 2.9657999999999998,
    "Sustainable Cities and Communities": 1.0123307692307693,
    "Responsible Consumption and Production": 1.0438384615384617,
    "Climate Action": 0.5047615384615385,
    "Life Below Water": 0.18557692307692308,
    "Life on Land": 0.5431923076923076,
    "Peace, Justice and Strong Institutions": 3.298723076923077,
    "Partnerships for the Goals": 2.8249615384615385
}