{
    "No Poverty": 0.13502793296089385,
    "Zero Hunger": 0.014960893854748603,
    "Good Health and Well-being": 0.9918156424581005,
    "Quality Education": 7.635491620111732,
    "Gender Equality": 1.1041731843575417,
    "Clean Water and Sanitation": 0.003787709497206704,
    "Affordable and Clean Energy": 0.13337988826815642,
    "Decent Work and Economic Growth": 5.457899441340783,
    "Industry, Innovation and Infrastructure": 6.735240223463687,
    "Reduced Inequalities": 2.2837709497206706,
    "Sustainable Cities and Communities": 0.7577709497206704,
    "Responsible Consumption and Production": 1.3879553072625697,
    "Climate Action": 0.2975810055865922,
    "Life Below Water": 0.04288826815642458,
    "Life on Land": 0.17134078212290504,
    "Peace, Justice and Strong Institutions": 3.824815642458101,
    "Partnerships for the Goals": 3.0075418994413408
}