{
    "No Poverty": 0.46746666666666664,
    "Zero Hunger": 0.6008,
    "Good Health and Well-being": 1.7007333333333332,
    "Quality Education": 7.9,
    "Gender Equality": 0.7008666666666666,
    "Clean Water and Sanitation": 0.33426666666666666,
    "Affordable and Clean Energy": 0.5342666666666667,
    "Decent Work and Economic Growth": 5.200066666666667,
    "Industry, Innovation and Infrastructure": 6.5334,
    "Reduced Inequalities": 2.8003333333333336,
    "Sustainable Cities and Communities": 3.8136666666666668,
    "Responsible Consumption and Production": 2.320466666666667,
    "Climate Action": 0.9008666666666667,
    "Life Below Water": 0.06760000000000001,
    "Life on Land": 1.2473999999999998,
    "Peace, Justice and Strong Institutions": 2.6469333333333336,
    "Partnerships for the Goals": 5.820133333333334
}