{
    "No Poverty": 0.07577165354330709,
    "Zero Hunger": 0.04822047244094488,
    "Good Health and Well-being": 0.6433700787401575,
    "Quality Education": 7.622055118110236,
    "Gender Equality": 0.14270078740157482,
    "Clean Water and Sanitation": 0.01674015748031496,
    "Affordable and Clean Energy": 0.13481889763779528,
    "Decent Work and Economic Growth": 5.333125984251969,
    "Industry, Innovation and Infrastructure": 8.537409448818897,
    "Reduced Inequalities": 0.7464409448818897,
    "Sustainable Cities and Communities": 0.6646141732283465,
    "Responsible Consumption and Production": 0.7526692913385826,
    "Climate Action": 0.09940157480314961,
    "Life Below Water": 0.01674015748031496,
    "Life on Land": 0.08364566929133858,
    "Peace, Justice and Strong Institutions": 2.2618346456692913,
    "Partnerships for the Goals": 2.9058425196850393
}