{
    "No Poverty": 1.8811492537313435,
    "Zero Hunger": 0.5157761194029851,
    "Good Health and Well-being": 1.8259402985074626,
    "Quality Education": 6.219492537313433,
    "Gender Equality": 1.6798507462686567,
    "Clean Water and Sanitation": 0.3964179104477612,
    "Affordable and Clean Energy": 1.4112537313432836,
    "Decent Work and Economic Growth": 5.714298507462686,
    "Industry, Innovation and Infrastructure": 6.606865671641791,
    "Reduced Inequalities": 5.515089552238806,
    "Sustainable Cities and Communities": 2.0036119402985073,
    "Responsible Consumption and Production": 2.072164179104478,
    "Climate Action": 2.7871940298507463,
    "Life Below Water": 0.5158507462686567,
    "Life on Land": 1.1127164179104478,
    "Peace, Justice and Strong Institutions": 6.464298507462686,
    "Partnerships for the Goals": 5.847835820895522
}