{
    "No Poverty": 1.425406015037594,
    "Zero Hunger": 0.4219473684210526,
    "Good Health and Well-being": 0.7023233082706767,
    "Quality Education": 4.426556390977443,
    "Gender Equality": 0.7039022556390977,
    "Clean Water and Sanitation": 0.027300751879699246,
    "Affordable and Clean Energy": 0.863984962406015,
    "Decent Work and Economic Growth": 4.046857142857142,
    "Industry, Innovation and Infrastructure": 3.1228796992481205,
    "Reduced Inequalities": 3.692075187969925,
    "Sustainable Cities and Communities": 0.6136240601503758,
    "Responsible Consumption and Production": 0.5196541353383459,
    "Climate Action": 1.1203684210526315,
    "Life Below Water": 0.5632857142857143,
    "Life on Land": 0.29790977443609024,
    "Peace, Justice and Strong Institutions": 8.886496240601504,
    "Partnerships for the Goals": 6.750466165413534
}