{
    "No Poverty": 0.37461967213114755,
    "Zero Hunger": 0.31140983606557376,
    "Good Health and Well-being": 1.1909934426229507,
    "Quality Education": 8.097573770491804,
    "Gender Equality": 1.3833737704918032,
    "Clean Water and Sanitation": 0.048527868852459015,
    "Affordable and Clean Energy": 0.020730263157894734,
    "Decent Work and Economic Growth": 2.088695081967213,
    "Industry, Innovation and Infrastructure": 1.7679606557377048,
    "Reduced Inequalities": 3.290829508196721,
    "Sustainable Cities and Communities": 1.622249180327869,
    "Responsible Consumption and Production": 0.8949078947368422,
    "Climate Action": 0.17693421052631578,
    "Life Below Water": 0.17037171052631578,
    "Life on Land": 0.7376414473684211,
    "Peace, Justice and Strong Institutions": 4.261822950819672,
    "Partnerships for the Goals": 2.3387868852459017
}