{
    "No Poverty": 0.10527338129496402,
    "Zero Hunger": 0.12470503597122302,
    "Good Health and Well-being": 3.9810575539568345,
    "Quality Education": 7.562589928057554,
    "Gender Equality": 0.38937410071942447,
    "Clean Water and Sanitation": 0.05853237410071942,
    "Affordable and Clean Energy": 0.32827338129496403,
    "Decent Work and Economic Growth": 3.2750575539568345,
    "Industry, Innovation and Infrastructure": 4.842258992805755,
    "Reduced Inequalities": 1.5430359712230215,
    "Sustainable Cities and Communities": 0.21316546762589927,
    "Responsible Consumption and Production": 0.6015251798561151,
    "Climate Action": 0.2887122302158273,
    "Life Below Water": 0.04414388489208633,
    "Life on Land": 0.19157553956834533,
    "Peace, Justice and Strong Institutions": 1.2783165467625899,
    "Partnerships for the Goals": 1.1546043165467628
}