{
    "No Poverty": 0.001,
    "Zero Hunger": 0.09144761904761906,
    "Good Health and Well-being": 8.914285714285715,
    "Quality Education": 6.664771428571429,
    "Gender Equality": 5.09052380952381,
    "Clean Water and Sanitation": 0.010523809523809524,
    "Affordable and Clean Energy": 0.001,
    "Decent Work and Economic Growth": 0.08665714285714286,
    "Industry, Innovation and Infrastructure": 0.15333333333333332,
    "Reduced Inequalities": 2.6525809523809527,
    "Sustainable Cities and Communities": 0.6674857142857142,
    "Responsible Consumption and Production": 0.3627333333333333,
    "Climate Action": 0.010523809523809524,
    "Life Below Water": 0.029552380952380955,
    "Life on Land": 0.34855238095238095,
    "Peace, Justice and Strong Institutions": 1.2823619047619048,
    "Partnerships for the Goals": 1.1129142857142857
}