{
    "No Poverty": 0.7936461377870563,
    "Zero Hunger": 0.2606012526096033,
    "Good Health and Well-being": 1.6544617258176757,
    "Quality Education": 7.362521572720946,
    "Gender Equality": 0.9971231732776618,
    "Clean Water and Sanitation": 0.11468221371388791,
    "Affordable and Clean Energy": 0.330098606271777,
    "Decent Work and Economic Growth": 4.34670981210856,
    "Industry, Innovation and Infrastructure": 3.9386867386007656,
    "Reduced Inequalities": 2.930267223382046,
    "Sustainable Cities and Communities": 1.1756047320807237,
    "Responsible Consumption and Production": 1.665117995127045,
    "Climate Action": 0.7694121127741038,
    "Life Below Water": 0.1754455273233554,
    "Life on Land": 0.5618823529411765,
    "Peace, Justice and Strong Institutions": 4.619140570633264,
    "Partnerships for the Goals": 3.139118649965205
}