{
    "No Poverty": 0.001,
    "Zero Hunger": 0.2548,
    "Good Health and Well-being": 0.06252307692307692,
    "Quality Education": 7.638461538461539,
    "Gender Equality": 0.001,
    "Clean Water and Sanitation": 0.12406153846153846,
    "Affordable and Clean Energy": 0.001,
    "Decent Work and Economic Growth": 0.30864615384615385,
    "Industry, Innovation and Infrastructure": 5.723138461538462,
    "Reduced Inequalities": 0.11636923076923077,
    "Sustainable Cities and Communities": 7.084769230769231,
    "Responsible Consumption and Production": 0.10098461538461538,
    "Climate Action": 1.4699692307692307,
    "Life Below Water": 0.13944615384615386,
    "Life on Land": 0.6931384615384616,
    "Peace, Justice and Strong Institutions": 4.969523076923077,
    "Partnerships for the Goals": 0.7701230769230769
}