{
    "No Poverty": 0.36050877192982456,
    "Zero Hunger": 0.001,
    "Good Health and Well-being": 0.7201228070175438,
    "Quality Education": 8.57898245614035,
    "Gender Equality": 0.001,
    "Clean Water and Sanitation": 0.001,
    "Affordable and Clean Energy": 0.2027017543859649,
    "Decent Work and Economic Growth": 6.014035087719298,
    "Industry, Innovation and Infrastructure": 8.724561403508773,
    "Reduced Inequalities": 0.41310526315789475,
    "Sustainable Cities and Communities": 0.29033333333333333,
    "Responsible Consumption and Production": 0.7463333333333333,
    "Climate Action": 0.1851578947368421,
    "Life Below Water": 0.001,
    "Life on Land": 0.001,
    "Peace, Justice and Strong Institutions": 2.85119298245614,
    "Partnerships for the Goals": 2.2897894736842104
}