{
    "No Poverty": 8.571428571428573e-05,
    "Zero Hunger": 0.08103809523809524,
    "Good Health and Well-being": 8.728571428571428,
    "Quality Education": 5.628571428571429,
    "Gender Equality": 4.552390476190476,
    "Clean Water and Sanitation": 0.0058,
    "Affordable and Clean Energy": 8.571428571428573e-05,
    "Decent Work and Economic Growth": 0.03340952380952381,
    "Industry, Innovation and Infrastructure": 0.028647619047619047,
    "Reduced Inequalities": 3.2523809523809524,
    "Sustainable Cities and Communities": 1.0438761904761904,
    "Responsible Consumption and Production": 0.13626666666666667,
    "Climate Action": 0.06675238095238095,
    "Life Below Water": 0.0010476190476190477,
    "Life on Land": 0.30483809523809524,
    "Peace, Justice and Strong Institutions": 0.7810095238095238,
    "Partnerships for the Goals": 0.28769523809523806
}