{
    "No Poverty": 1.4167592592592593,
    "Zero Hunger": 1.2315555555555557,
    "Good Health and Well-being": 2.4722592592592596,
    "Quality Education": 7.333333333333333,
    "Gender Equality": 1.889,
    "Clean Water and Sanitation": 0.7686111111111111,
    "Affordable and Clean Energy": 1.5463518518518518,
    "Decent Work and Economic Growth": 5.814814814814815,
    "Industry, Innovation and Infrastructure": 6.481481481481482,
    "Reduced Inequalities": 5.546296296296297,
    "Sustainable Cities and Communities": 2.814851851851852,
    "Responsible Consumption and Production": 1.9537592592592592,
    "Climate Action": 2.3148703703703704,
    "Life Below Water": 0.9908333333333333,
    "Life on Land": 1.9260000000000002,
    "Peace, Justice and Strong Institutions": 6.916666666666667,
    "Partnerships for the Goals": 5.907407407407407
}