{
    "No Poverty": 0.9413835616438356,
    "Zero Hunger": 0.2730958904109589,
    "Good Health and Well-being": 0.8846203522504892,
    "Quality Education": 7.354794520547945,
    "Gender Equality": 0.5108590998043052,
    "Clean Water and Sanitation": 0.11850293542074364,
    "Affordable and Clean Energy": 0.42182191780821915,
    "Decent Work and Economic Growth": 7.516438356164384,
    "Industry, Innovation and Infrastructure": 7.162426614481409,
    "Reduced Inequalities": 2.759929549902153,
    "Sustainable Cities and Communities": 0.8758258317025441,
    "Responsible Consumption and Production": 4.692776908023483,
    "Climate Action": 1.2196614481409,
    "Life Below Water": 0.1498082191780822,
    "Life on Land": 0.2955968688845401,
    "Peace, Justice and Strong Institutions": 4.533287671232877,
    "Partnerships for the Goals": 4.7270156555773
}