{
    "No Poverty": 0.36017924528301887,
    "Zero Hunger": 0.3020125786163522,
    "Good Health and Well-being": 1.244125786163522,
    "Quality Education": 8.166676100628932,
    "Gender Equality": 1.693496855345912,
    "Clean Water and Sanitation": 0.07716352201257862,
    "Affordable and Clean Energy": 0.16364779874213836,
    "Decent Work and Economic Growth": 2.1569842767295597,
    "Industry, Innovation and Infrastructure": 2.0069874213836476,
    "Reduced Inequalities": 3.9575754716981133,
    "Sustainable Cities and Communities": 3.5792735849056605,
    "Responsible Consumption and Production": 0.5809150943396226,
    "Climate Action": 0.3758993710691824,
    "Life Below Water": 0.12276729559748427,
    "Life on Land": 0.6274528301886793,
    "Peace, Justice and Strong Institutions": 4.441842767295598,
    "Partnerships for the Goals": 2.6421761006289306
}