{
    "No Poverty": 0.3473333333333333,
    "Zero Hunger": 0.24455555555555558,
    "Good Health and Well-being": 1.2834055555555557,
    "Quality Education": 7.725005555555556,
    "Gender Equality": 1.763961111111111,
    "Clean Water and Sanitation": 0.061227777777777784,
    "Affordable and Clean Energy": 0.21400000000000002,
    "Decent Work and Economic Growth": 5.675005555555556,
    "Industry, Innovation and Infrastructure": 6.126677777777777,
    "Reduced Inequalities": 3.080611111111111,
    "Sustainable Cities and Communities": 1.488961111111111,
    "Responsible Consumption and Production": 0.9206388888888889,
    "Climate Action": 0.5028888888888888,
    "Life Below Water": 0.05289444444444445,
    "Life on Land": 0.1723388888888889,
    "Peace, Justice and Strong Institutions": 4.295572222222222,
    "Partnerships for the Goals": 3.3455999999999997
}