{
    "No Poverty": 0.07150375939849624,
    "Zero Hunger": 0.007601503759398495,
    "Good Health and Well-being": 0.4775187969924812,
    "Quality Education": 8.011278195488721,
    "Gender Equality": 0.18427819548872182,
    "Clean Water and Sanitation": 0.03391729323308271,
    "Affordable and Clean Energy": 0.18053383458646616,
    "Decent Work and Economic Growth": 5.7556390977443606,
    "Industry, Innovation and Infrastructure": 8.860902255639099,
    "Reduced Inequalities": 0.9368796992481203,
    "Sustainable Cities and Communities": 0.9700075187969924,
    "Responsible Consumption and Production": 0.45494736842105266,
    "Climate Action": 0.14293984962406014,
    "Life Below Water": 8.270676691729323e-05,
    "Life on Land": 8.270676691729323e-05,
    "Peace, Justice and Strong Institutions": 2.2601954887218043,
    "Partnerships for the Goals": 3.5827142857142857
}