{
    "No Poverty": 0.0003333333333333333,
    "Zero Hunger": 0.6668333333333334,
    "Good Health and Well-being": 5.250166666666667,
    "Quality Education": 6.8335,
    "Gender Equality": 1.0833333333333333,
    "Clean Water and Sanitation": 0.0003333333333333333,
    "Affordable and Clean Energy": 0.0003333333333333333,
    "Decent Work and Economic Growth": 6.166666666666667,
    "Industry, Innovation and Infrastructure": 3.5833333333333335,
    "Reduced Inequalities": 2.1666666666666665,
    "Sustainable Cities and Communities": 2.0001666666666664,
    "Responsible Consumption and Production": 0.8335,
    "Climate Action": 1.0835000000000001,
    "Life Below Water": 0.08366666666666667,
    "Life on Land": 0.9168333333333334,
    "Peace, Justice and Strong Institutions": 2.8333333333333335,
    "Partnerships for the Goals": 6.083333333333333
}