{
    "No Poverty": 3.0040879629629633,
    "Zero Hunger": 0.7910601851851852,
    "Good Health and Well-being": 1.8958842592592593,
    "Quality Education": 6.431141203703704,
    "Gender Equality": 1.9746064814814814,
    "Clean Water and Sanitation": 0.7697592592592593,
    "Affordable and Clean Energy": 0.8361967592592593,
    "Decent Work and Economic Growth": 5.527326388888889,
    "Industry, Innovation and Infrastructure": 4.518076388888889,
    "Reduced Inequalities": 6.503942129629629,
    "Sustainable Cities and Communities": 3.9137037037037037,
    "Responsible Consumption and Production": 1.9873171296296295,
    "Climate Action": 1.757236111111111,
    "Life Below Water": 0.4889884259259259,
    "Life on Land": 1.6188263888888887,
    "Peace, Justice and Strong Institutions": 6.773381944444445,
    "Partnerships for the Goals": 5.339821759259259
}