{
    "No Poverty": 0.2883497164461248,
    "Zero Hunger": 0.15980907372400757,
    "Good Health and Well-being": 1.0870207939508507,
    "Quality Education": 8.950665406427222,
    "Gender Equality": 0.7917429111531191,
    "Clean Water and Sanitation": 0.09855765595463138,
    "Affordable and Clean Energy": 0.1288052930056711,
    "Decent Work and Economic Growth": 3.645950850661626,
    "Industry, Innovation and Infrastructure": 1.391536862003781,
    "Reduced Inequalities": 3.2688317580340263,
    "Sustainable Cities and Communities": 2.112321361058601,
    "Responsible Consumption and Production": 0.6509054820415879,
    "Climate Action": 0.455640831758034,
    "Life Below Water": 0.11745746691871455,
    "Life on Land": 0.3821039697542533,
    "Peace, Justice and Strong Institutions": 2.913446124763705,
    "Partnerships for the Goals": 2.8408487712665407
}