{
    "No Poverty": 0.6053308270676692,
    "Zero Hunger": 0.41737593984962407,
    "Good Health and Well-being": 3.387255639097744,
    "Quality Education": 9.06766917293233,
    "Gender Equality": 1.6391578947368421,
    "Clean Water and Sanitation": 0.11286466165413533,
    "Affordable and Clean Energy": 0.11662406015037594,
    "Decent Work and Economic Growth": 3.6165714285714285,
    "Industry, Innovation and Infrastructure": 2.812082706766917,
    "Reduced Inequalities": 4.879714285714285,
    "Sustainable Cities and Communities": 1.154187969924812,
    "Responsible Consumption and Production": 0.6128496240601504,
    "Climate Action": 0.48879699248120306,
    "Life Below Water": 0.13918796992481203,
    "Life on Land": 0.5715112781954886,
    "Peace, Justice and Strong Institutions": 4.481210526315789,
    "Partnerships for the Goals": 3.4887443609022557
}