{
    "No Poverty": 2.376913043478261,
    "Zero Hunger": 0.7972463768115942,
    "Good Health and Well-being": 1.1848840579710145,
    "Quality Education": 5.192065217391304,
    "Gender Equality": 1.371123188405797,
    "Clean Water and Sanitation": 0.25015942028985505,
    "Affordable and Clean Energy": 1.0581304347826086,
    "Decent Work and Economic Growth": 4.575398550724637,
    "Industry, Innovation and Infrastructure": 3.5406521739130437,
    "Reduced Inequalities": 5.54495652173913,
    "Sustainable Cities and Communities": 1.0725797101449275,
    "Responsible Consumption and Production": 1.2537463768115942,
    "Climate Action": 1.6776594202898552,
    "Life Below Water": 0.6160869565217391,
    "Life on Land": 0.7356449275362319,
    "Peace, Justice and Strong Institutions": 8.769572463768116,
    "Partnerships for the Goals": 6.827565217391304
}