{
    "No Poverty": 0.025285714285714286,
    "Zero Hunger": 0.2311596638655462,
    "Good Health and Well-being": 4.235310924369748,
    "Quality Education": 7.680672268907563,
    "Gender Equality": 0.5462941176470588,
    "Clean Water and Sanitation": 0.012680672268907562,
    "Affordable and Clean Energy": 0.4244453781512605,
    "Decent Work and Economic Growth": 3.5924621848739493,
    "Industry, Innovation and Infrastructure": 5.512621848739496,
    "Reduced Inequalities": 1.9243949579831932,
    "Sustainable Cities and Communities": 0.27738655462184875,
    "Responsible Consumption and Production": 0.3278067226890756,
    "Climate Action": 0.27738655462184875,
    "Life Below Water": 0.012680672268907562,
    "Life on Land": 0.029495798319327728,
    "Peace, Justice and Strong Institutions": 1.4798823529411764,
    "Partnerships for the Goals": 2.033638655462185
}