{
    "No Poverty": 1.5001210762331838,
    "Zero Hunger": 0.19072645739910313,
    "Good Health and Well-being": 1.4328161434977578,
    "Quality Education": 6.037668161434978,
    "Gender Equality": 1.4956143497757848,
    "Clean Water and Sanitation": 0.363372197309417,
    "Affordable and Clean Energy": 0.3925201793721973,
    "Decent Work and Economic Growth": 4.35519730941704,
    "Industry, Innovation and Infrastructure": 3.3566008968609866,
    "Reduced Inequalities": 5.280286995515695,
    "Sustainable Cities and Communities": 1.1234573991031391,
    "Responsible Consumption and Production": 1.0561793721973094,
    "Climate Action": 0.6458878923766815,
    "Life Below Water": 0.46652017937219736,
    "Life on Land": 0.68847533632287,
    "Peace, Justice and Strong Institutions": 9.687443946188342,
    "Partnerships for the Goals": 2.9610493273542597
}