{
    "No Poverty": 0.07142857142857142,
    "Zero Hunger": 0.007518796992481203,
    "Good Health and Well-being": 0.4774436090225564,
    "Quality Education": 7.913533834586466,
    "Gender Equality": 0.23308270676691728,
    "Clean Water and Sanitation": 0.03383458646616541,
    "Affordable and Clean Energy": 0.18045112781954886,
    "Decent Work and Economic Growth": 5.7368421052631575,
    "Industry, Innovation and Infrastructure": 8.819548872180452,
    "Reduced Inequalities": 0.9406015037593984,
    "Sustainable Cities and Communities": 0.9699473684210526,
    "Responsible Consumption and Production": 0.45490225563909775,
    "Climate Action": 0.14285714285714285,
    "Life Below Water": 0.0,
    "Life on Land": 0.0,
    "Peace, Justice and Strong Institutions": 2.260172932330827,
    "Partnerships for the Goals": 3.5338345864661656
}