{
    "No Poverty": 1.5145739910313902,
    "Zero Hunger": 0.19507174887892376,
    "Good Health and Well-being": 1.4417040358744395,
    "Quality Education": 5.503363228699552,
    "Gender Equality": 1.5739910313901346,
    "Clean Water and Sanitation": 0.3542600896860987,
    "Affordable and Clean Energy": 0.3923766816143498,
    "Decent Work and Economic Growth": 4.301345291479821,
    "Industry, Innovation and Infrastructure": 3.3363273542600895,
    "Reduced Inequalities": 5.257847533632287,
    "Sustainable Cities and Communities": 1.132744394618834,
    "Responsible Consumption and Production": 1.0605470852017937,
    "Climate Action": 0.6547130044843049,
    "Life Below Water": 0.4585201793721973,
    "Life on Land": 0.6860986547085202,
    "Peace, Justice and Strong Institutions": 9.675112107623319,
    "Partnerships for the Goals": 2.9677130044843048
}