{
    "No Poverty": 2.9659376443418015,
    "Zero Hunger": 0.7660554272517321,
    "Good Health and Well-being": 1.8816997690531176,
    "Quality Education": 5.980369515011548,
    "Gender Equality": 1.9567043879907622,
    "Clean Water and Sanitation": 0.730484988452656,
    "Affordable and Clean Energy": 0.807621247113164,
    "Decent Work and Economic Growth": 5.422979214780601,
    "Industry, Innovation and Infrastructure": 4.481642032332563,
    "Reduced Inequalities": 6.473903002309468,
    "Sustainable Cities and Communities": 3.858429561200924,
    "Responsible Consumption and Production": 1.9849907621247114,
    "Climate Action": 1.720785219399538,
    "Life Below Water": 0.456581986143187,
    "Life on Land": 1.5717090069284063,
    "Peace, Justice and Strong Institutions": 6.752251732101616,
    "Partnerships for the Goals": 5.316512702078523
}