{
    "No Poverty": 2.387688405797101,
    "Zero Hunger": 0.782608695652174,
    "Good Health and Well-being": 1.1521739130434783,
    "Quality Education": 4.6395,
    "Gender Equality": 1.3492753623188405,
    "Clean Water and Sanitation": 0.2318840579710145,
    "Affordable and Clean Energy": 1.0416666666666667,
    "Decent Work and Economic Growth": 4.551811594202898,
    "Industry, Innovation and Infrastructure": 3.5297101449275363,
    "Reduced Inequalities": 5.548550724637681,
    "Sustainable Cities and Communities": 1.1014492753623188,
    "Responsible Consumption and Production": 1.2463768115942029,
    "Climate Action": 1.6304347826086956,
    "Life Below Water": 0.6086956521739131,
    "Life on Land": 0.7318840579710145,
    "Peace, Justice and Strong Institutions": 8.791304347826088,
    "Partnerships for the Goals": 6.827536231884058
}