{
    "No Poverty": 0.9579295499021526,
    "Zero Hunger": 0.26615068493150684,
    "Good Health and Well-being": 0.8825909980430529,
    "Quality Education": 7.096868884540117,
    "Gender Equality": 0.5222133072407045,
    "Clean Water and Sanitation": 0.11252446183953033,
    "Affordable and Clean Energy": 0.4119393346379648,
    "Decent Work and Economic Growth": 7.482093933463796,
    "Industry, Innovation and Infrastructure": 7.14628180039139,
    "Reduced Inequalities": 2.760569471624266,
    "Sustainable Cities and Communities": 0.8845420743639921,
    "Responsible Consumption and Production": 4.683956947162427,
    "Climate Action": 1.2009980430528377,
    "Life Below Water": 0.14481604696673192,
    "Life on Land": 0.30039334637964776,
    "Peace, Justice and Strong Institutions": 4.514195694716243,
    "Partnerships for the Goals": 4.72113698630137
}