{
    "No Poverty": 0.0,
    "Zero Hunger": 0.08095238095238096,
    "Good Health and Well-being": 8.68095238095238,
    "Quality Education": 5.145238095238096,
    "Gender Equality": 4.5095238095238095,
    "Clean Water and Sanitation": 0.005714285714285714,
    "Affordable and Clean Energy": 0.0,
    "Decent Work and Economic Growth": 0.038104761904761905,
    "Industry, Innovation and Infrastructure": 0.02857142857142857,
    "Reduced Inequalities": 3.261904761904762,
    "Sustainable Cities and Communities": 1.0676190476190475,
    "Responsible Consumption and Production": 0.1361904761904762,
    "Climate Action": 0.06666666666666667,
    "Life Below Water": 0.0019047619047619048,
    "Life on Land": 0.3047619047619048,
    "Peace, Justice and Strong Institutions": 0.8047904761904762,
    "Partnerships for the Goals": 0.28286666666666666
}