{
    "No Poverty": 1.3703703703703705,
    "Zero Hunger": 1.25,
    "Good Health and Well-being": 2.4537037037037037,
    "Quality Education": 7.060185185185185,
    "Gender Equality": 1.8703888888888889,
    "Clean Water and Sanitation": 0.75,
    "Affordable and Clean Energy": 1.5,
    "Decent Work and Economic Growth": 5.7592592592592595,
    "Industry, Innovation and Infrastructure": 6.388888888888889,
    "Reduced Inequalities": 5.472222222222222,
    "Sustainable Cities and Communities": 2.8333333333333335,
    "Responsible Consumption and Production": 1.8796296296296295,
    "Climate Action": 2.3518518518518516,
    "Life Below Water": 0.9259444444444443,
    "Life on Land": 1.8518518518518519,
    "Peace, Justice and Strong Institutions": 6.824074074074074,
    "Partnerships for the Goals": 5.796296296296297
}