{
    "No Poverty": 0.0,
    "Zero Hunger": 1.2142857142857142,
    "Good Health and Well-being": 5.100142857142857,
    "Quality Education": 8.142857142857142,
    "Gender Equality": 0.5714285714285714,
    "Clean Water and Sanitation": 0.0,
    "Affordable and Clean Energy": 0.0,
    "Decent Work and Economic Growth": 3.7857142857142856,
    "Industry, Innovation and Infrastructure": 5.1000000000000005,
    "Reduced Inequalities": 1.6428571428571428,
    "Sustainable Cities and Communities": 3.357142857142857,
    "Responsible Consumption and Production": 1.3571428571428572,
    "Climate Action": 0.7857142857142857,
    "Life Below Water": 0.0,
    "Life on Land": 1.143,
    "Peace, Justice and Strong Institutions": 2.0714285714285716,
    "Partnerships for the Goals": 3.2857142857142856
}