{
    "No Poverty": 0.34445,
    "Zero Hunger": 0.24444444444444444,
    "Good Health and Well-being": 1.2777777777777777,
    "Quality Education": 7.540277777777778,
    "Gender Equality": 1.755561111111111,
    "Clean Water and Sanitation": 0.06111111111111111,
    "Affordable and Clean Energy": 0.21388888888888888,
    "Decent Work and Economic Growth": 5.654166666666667,
    "Industry, Innovation and Infrastructure": 6.154444444444445,
    "Reduced Inequalities": 3.06945,
    "Sustainable Cities and Communities": 1.4750055555555555,
    "Responsible Consumption and Production": 0.9122277777777777,
    "Climate Action": 0.5027777777777778,
    "Life Below Water": 0.05277777777777778,
    "Life on Land": 0.16944444444444445,
    "Peace, Justice and Strong Institutions": 4.297777777777778,
    "Partnerships for the Goals": 3.340011111111111
}