{
    "No Poverty": 0.631578947368421,
    "Zero Hunger": 0.40977443609022557,
    "Good Health and Well-being": 3.3815789473684212,
    "Quality Education": 8.951127819548873,
    "Gender Equality": 1.6503834586466166,
    "Clean Water and Sanitation": 0.11278195488721804,
    "Affordable and Clean Energy": 0.11654135338345864,
    "Decent Work and Economic Growth": 3.5902255639097747,
    "Industry, Innovation and Infrastructure": 2.7710601503759396,
    "Reduced Inequalities": 4.889097744360902,
    "Sustainable Cities and Communities": 1.1616616541353384,
    "Responsible Consumption and Production": 0.6127894736842106,
    "Climate Action": 0.48120300751879697,
    "Life Below Water": 0.13909774436090225,
    "Life on Land": 0.5714285714285714,
    "Peace, Justice and Strong Institutions": 4.4680451127819545,
    "Partnerships for the Goals": 3.46390977443609
}