{
    "No Poverty": 0.0,
    "Zero Hunger": 0.6666666666666666,
    "Good Health and Well-being": 5.25,
    "Quality Education": 6.75,
    "Gender Equality": 1.0833333333333333,
    "Clean Water and Sanitation": 0.0,
    "Affordable and Clean Energy": 0.0,
    "Decent Work and Economic Growth": 6.166666666666667,
    "Industry, Innovation and Infrastructure": 3.5833333333333335,
    "Reduced Inequalities": 2.1666666666666665,
    "Sustainable Cities and Communities": 2.1666666666666665,
    "Responsible Consumption and Production": 0.8333333333333334,
    "Climate Action": 1.0833333333333333,
    "Life Below Water": 0.08333333333333333,
    "Life on Land": 0.9166666666666666,
    "Peace, Justice and Strong Institutions": 2.8333333333333335,
    "Partnerships for the Goals": 6.083333333333333
}