{
    "No Poverty": 0.2977334593572779,
    "Zero Hunger": 0.15596786389413989,
    "Good Health and Well-being": 1.0822476370510397,
    "Quality Education": 8.840737240075615,
    "Gender Equality": 0.79017202268431,
    "Clean Water and Sanitation": 0.09659735349716446,
    "Affordable and Clean Energy": 0.12873345935727787,
    "Decent Work and Economic Growth": 3.6343119092627596,
    "Industry, Innovation and Infrastructure": 1.4059565217391303,
    "Reduced Inequalities": 3.2532155009451795,
    "Sustainable Cities and Communities": 2.1181512287334594,
    "Responsible Consumption and Production": 0.6593629489603025,
    "Climate Action": 0.44612854442344047,
    "Life Below Water": 0.11739130434782609,
    "Life on Land": 0.37297164461247634,
    "Peace, Justice and Strong Institutions": 2.905865784499055,
    "Partnerships for the Goals": 2.821461247637051
}