{
    "No Poverty": 0.3474874213836478,
    "Zero Hunger": 0.2979622641509434,
    "Good Health and Well-being": 1.2487578616352202,
    "Quality Education": 7.938679245283019,
    "Gender Equality": 1.691830188679245,
    "Clean Water and Sanitation": 0.0770440251572327,
    "Affordable and Clean Energy": 0.16352201257861634,
    "Decent Work and Economic Growth": 2.1284654088050314,
    "Industry, Innovation and Infrastructure": 1.989622641509434,
    "Reduced Inequalities": 3.948506289308176,
    "Sustainable Cities and Communities": 3.5706037735849057,
    "Responsible Consumption and Production": 0.5823962264150944,
    "Climate Action": 0.37264150943396224,
    "Life Below Water": 0.12421383647798742,
    "Life on Land": 0.625,
    "Peace, Justice and Strong Institutions": 4.4040911949685535,
    "Partnerships for the Goals": 2.6256289308176104
}