{
    "No Poverty": 0.025210084033613446,
    "Zero Hunger": 0.2184873949579832,
    "Good Health and Well-being": 4.218487394957983,
    "Quality Education": 7.409663865546219,
    "Gender Equality": 0.5546302521008404,
    "Clean Water and Sanitation": 0.012605042016806723,
    "Affordable and Clean Energy": 0.42436974789915966,
    "Decent Work and Economic Growth": 3.5798319327731094,
    "Industry, Innovation and Infrastructure": 5.491596638655462,
    "Reduced Inequalities": 1.861344537815126,
    "Sustainable Cities and Communities": 0.27310924369747897,
    "Responsible Consumption and Production": 0.3235378151260504,
    "Climate Action": 0.2773109243697479,
    "Life Below Water": 0.012605042016806723,
    "Life on Land": 0.02942016806722689,
    "Peace, Justice and Strong Institutions": 1.4714369747899159,
    "Partnerships for the Goals": 2.004201680672269
}