{
    "No Poverty": 0.10254970760233918,
    "Zero Hunger": 0.01775438596491228,
    "Good Health and Well-being": 1.187298245614035,
    "Quality Education": 7.90233918128655,
    "Gender Equality": 1.3539415204678362,
    "Clean Water and Sanitation": 0.023608187134502922,
    "Affordable and Clean Energy": 0.1815029239766082,
    "Decent Work and Economic Growth": 5.956152046783625,
    "Industry, Innovation and Infrastructure": 6.883058479532163,
    "Reduced Inequalities": 2.763233918128655,
    "Sustainable Cities and Communities": 1.0720760233918127,
    "Responsible Consumption and Production": 1.0720994152046783,
    "Climate Action": 0.3715555555555556,
    "Life Below Water": 0.029444444444444447,
    "Life on Land": 0.1961111111111111,
    "Peace, Justice and Strong Institutions": 4.239789473684211,
    "Partnerships for the Goals": 3.6672923976608187
}