{
    "No Poverty": 0.5002857142857142,
    "Zero Hunger": 0.7144285714285715,
    "Good Health and Well-being": 1.357357142857143,
    "Quality Education": 8.571428571428571,
    "Gender Equality": 0.1787142857142857,
    "Clean Water and Sanitation": 0.5358571428571428,
    "Affordable and Clean Energy": 0.5359285714285714,
    "Decent Work and Economic Growth": 5.964357142857144,
    "Industry, Innovation and Infrastructure": 6.000071428571429,
    "Reduced Inequalities": 2.7857857142857143,
    "Sustainable Cities and Communities": 4.892857142857143,
    "Responsible Consumption and Production": 3.035857142857143,
    "Climate Action": 0.8216428571428571,
    "Life Below Water": 0.0002142857142857143,
    "Life on Land": 1.500142857142857,
    "Peace, Justice and Strong Institutions": 3.25,
    "Partnerships for the Goals": 6.107142857142857
}