{
    "No Poverty": 0.20309607843137253,
    "Zero Hunger": 0.14231372549019608,
    "Good Health and Well-being": 0.9201411764705882,
    "Quality Education": 8.987649019607844,
    "Gender Equality": 0.853070588235294,
    "Clean Water and Sanitation": 0.025645098039215688,
    "Affordable and Clean Energy": 0.21192156862745098,
    "Decent Work and Economic Growth": 3.171592156862745,
    "Industry, Innovation and Infrastructure": 1.1912980392156862,
    "Reduced Inequalities": 3.2316078431372546,
    "Sustainable Cities and Communities": 1.9804666666666666,
    "Responsible Consumption and Production": 0.7236549019607843,
    "Climate Action": 0.3605392156862745,
    "Life Below Water": 0.1254470588235294,
    "Life on Land": 0.27053333333333335,
    "Peace, Justice and Strong Institutions": 3.0700196078431374,
    "Partnerships for the Goals": 2.865119607843137
}