{
    "No Poverty": 0.04823703703703704,
    "Zero Hunger": 0.26896296296296296,
    "Good Health and Well-being": 4.270422222222222,
    "Quality Education": 7.559259259259259,
    "Gender Equality": 0.5075037037037038,
    "Clean Water and Sanitation": 0.1371185185185185,
    "Affordable and Clean Energy": 0.7482222222222222,
    "Decent Work and Economic Growth": 3.6296592592592596,
    "Industry, Innovation and Infrastructure": 5.744451851851852,
    "Reduced Inequalities": 1.707474074074074,
    "Sustainable Cities and Communities": 0.34157037037037036,
    "Responsible Consumption and Production": 0.759325925925926,
    "Climate Action": 0.4815629629629629,
    "Life Below Water": 0.08157037037037038,
    "Life on Land": 0.15563703703703702,
    "Peace, Justice and Strong Institutions": 1.1304296296296297,
    "Partnerships for the Goals": 1.6630074074074075
}