{
    "No Poverty": 1.3571428571428572,
    "Zero Hunger": 1.0714285714285714,
    "Good Health and Well-being": 6.142857142857143,
    "Quality Education": 8.071428571428571,
    "Gender Equality": 0.9285714285714286,
    "Clean Water and Sanitation": 0.07142857142857142,
    "Affordable and Clean Energy": 0.0,
    "Decent Work and Economic Growth": 5.214285714285714,
    "Industry, Innovation and Infrastructure": 3.5714285714285716,
    "Reduced Inequalities": 3.4285714285714284,
    "Sustainable Cities and Communities": 3.7142857142857144,
    "Responsible Consumption and Production": 1.6428571428571428,
    "Climate Action": 0.2857142857142857,
    "Life Below Water": 0.0,
    "Life on Land": 2.142857142857143,
    "Peace, Justice and Strong Institutions": 2.3285714285714287,
    "Partnerships for the Goals": 6.642857142857143
}