{
    "No Poverty": 0.37113709677419354,
    "Zero Hunger": 0.5122661290322581,
    "Good Health and Well-being": 3.2339758064516126,
    "Quality Education": 8.84275806451613,
    "Gender Equality": 1.3396451612903226,
    "Clean Water and Sanitation": 0.2138790322580645,
    "Affordable and Clean Energy": 0.3066290322580645,
    "Decent Work and Economic Growth": 3.532306451612903,
    "Industry, Innovation and Infrastructure": 2.729935483870968,
    "Reduced Inequalities": 3.895217741935484,
    "Sustainable Cities and Communities": 1.2066129032258064,
    "Responsible Consumption and Production": 1.1533870967741937,
    "Climate Action": 0.7461290322580645,
    "Life Below Water": 0.2945322580645161,
    "Life on Land": 0.633241935483871,
    "Peace, Justice and Strong Institutions": 3.7822903225806455,
    "Partnerships for the Goals": 2.841185483870968
}