{
    "No Poverty": 1.906390625,
    "Zero Hunger": 0.633,
    "Good Health and Well-being": 2.093875,
    "Quality Education": 7.7578125,
    "Gender Equality": 2.187609375,
    "Clean Water and Sanitation": 0.62515625,
    "Affordable and Clean Energy": 1.445484375,
    "Decent Work and Economic Growth": 5.851609375,
    "Industry, Innovation and Infrastructure": 6.257859375,
    "Reduced Inequalities": 6.02815625,
    "Sustainable Cities and Communities": 2.262609375,
    "Responsible Consumption and Production": 1.96578125,
    "Climate Action": 2.759546875,
    "Life Below Water": 0.66425,
    "Life on Land": 1.34859375,
    "Peace, Justice and Strong Institutions": 6.640640625,
    "Partnerships for the Goals": 6.195328125
}