{
    "No Poverty": 1.5267045454545456,
    "Zero Hunger": 0.5494393939393939,
    "Good Health and Well-being": 0.8183636363636364,
    "Quality Education": 4.496287878787879,
    "Gender Equality": 0.8600454545454546,
    "Clean Water and Sanitation": 0.1517272727272727,
    "Affordable and Clean Energy": 0.9168636363636363,
    "Decent Work and Economic Growth": 3.890234848484848,
    "Industry, Innovation and Infrastructure": 3.564522727272727,
    "Reduced Inequalities": 4.587159090909091,
    "Sustainable Cities and Communities": 0.621439393939394,
    "Responsible Consumption and Production": 0.7236666666666667,
    "Climate Action": 1.1403484848484848,
    "Life Below Water": 0.7615378787878787,
    "Life on Land": 0.3676439393939394,
    "Peace, Justice and Strong Institutions": 8.83940909090909,
    "Partnerships for the Goals": 6.7257727272727275
}