{
    "No Poverty": 4.1237113402061855e-05,
    "Zero Hunger": 0.11344329896907215,
    "Good Health and Well-being": 8.81958762886598,
    "Quality Education": 5.402061855670103,
    "Gender Equality": 4.34020618556701,
    "Clean Water and Sanitation": 5.154639175257732e-05,
    "Affordable and Clean Energy": 4.1237113402061855e-05,
    "Decent Work and Economic Growth": 0.061896907216494844,
    "Industry, Innovation and Infrastructure": 0.030979381443298967,
    "Reduced Inequalities": 3.382474226804124,
    "Sustainable Cities and Communities": 1.0670515463917527,
    "Responsible Consumption and Production": 0.08251546391752577,
    "Climate Action": 0.05674226804123711,
    "Life Below Water": 4.1237113402061855e-05,
    "Life on Land": 0.31962886597938145,
    "Peace, Justice and Strong Institutions": 0.6928041237113401,
    "Partnerships for the Goals": 0.17323711340206183
}