{
    "No Poverty": 1.5358190476190476,
    "Zero Hunger": 0.2144,
    "Good Health and Well-being": 1.8096190476190475,
    "Quality Education": 5.6381,
    "Gender Equality": 1.9453238095238095,
    "Clean Water and Sanitation": 0.4001142857142857,
    "Affordable and Clean Energy": 0.29534285714285713,
    "Decent Work and Economic Growth": 4.933347619047619,
    "Industry, Innovation and Infrastructure": 3.373852380952381,
    "Reduced Inequalities": 5.081447619047619,
    "Sustainable Cities and Communities": 0.9396238095238095,
    "Responsible Consumption and Production": 1.335804761904762,
    "Climate Action": 0.9943857142857143,
    "Life Below Water": 0.5524952380952382,
    "Life on Land": 0.7205714285714285,
    "Peace, Justice and Strong Institutions": 9.537142857142857,
    "Partnerships for the Goals": 2.8595761904761905
}