{
    "No Poverty": 0.9756979591836734,
    "Zero Hunger": 0.353234693877551,
    "Good Health and Well-being": 1.188938775510204,
    "Quality Education": 7.324495918367347,
    "Gender Equality": 0.553234693877551,
    "Clean Water and Sanitation": 0.25630000000000003,
    "Affordable and Clean Energy": 0.639961224489796,
    "Decent Work and Economic Growth": 7.477148979591837,
    "Industry, Innovation and Infrastructure": 7.161436734693877,
    "Reduced Inequalities": 2.702544897959184,
    "Sustainable Cities and Communities": 0.8742469387755102,
    "Responsible Consumption and Production": 4.696671428571429,
    "Climate Action": 1.4815591836734694,
    "Life Below Water": 0.28690816326530616,
    "Life on Land": 0.3879265306122449,
    "Peace, Justice and Strong Institutions": 4.73860612244898,
    "Partnerships for the Goals": 4.917571428571429
}