{
    "No Poverty": 0.32113175675675676,
    "Zero Hunger": 0.278222972972973,
    "Good Health and Well-being": 1.1474493243243242,
    "Quality Education": 7.9223209459459465,
    "Gender Equality": 1.539358108108108,
    "Clean Water and Sanitation": 0.07789527027027027,
    "Affordable and Clean Energy": 0.01708445945945946,
    "Decent Work and Economic Growth": 2.0707027027027025,
    "Industry, Innovation and Infrastructure": 1.810597972972973,
    "Reduced Inequalities": 3.781510135135135,
    "Sustainable Cities and Communities": 3.539942567567568,
    "Responsible Consumption and Production": 0.6741283783783784,
    "Climate Action": 0.17788513513513515,
    "Life Below Water": 0.1660608108108108,
    "Life on Land": 0.6869932432432432,
    "Peace, Justice and Strong Institutions": 4.457148648648649,
    "Partnerships for the Goals": 2.4196824324324324
}