{
    "No Poverty": 3.0284436936936934,
    "Zero Hunger": 0.897617117117117,
    "Good Health and Well-being": 2.093538288288288,
    "Quality Education": 6.1955135135135135,
    "Gender Equality": 1.7410765765765766,
    "Clean Water and Sanitation": 0.8165315315315316,
    "Affordable and Clean Energy": 1.0435653153153153,
    "Decent Work and Economic Growth": 5.356554054054054,
    "Industry, Innovation and Infrastructure": 4.642155405405406,
    "Reduced Inequalities": 6.253387387387387,
    "Sustainable Cities and Communities": 3.8502657657657657,
    "Responsible Consumption and Production": 2.2442004504504505,
    "Climate Action": 2.1847657657657655,
    "Life Below Water": 0.37735585585585585,
    "Life on Land": 1.6867972972972973,
    "Peace, Justice and Strong Institutions": 6.733335585585586,
    "Partnerships for the Goals": 5.33920045045045
}