{
    "No Poverty": 0.6364545454545455,
    "Zero Hunger": 0.8636363636363636,
    "Good Health and Well-being": 1.7272727272727273,
    "Quality Education": 8.431818181818182,
    "Gender Equality": 0.0,
    "Clean Water and Sanitation": 0.6363636363636364,
    "Affordable and Clean Energy": 0.6818181818181818,
    "Decent Work and Economic Growth": 6.136454545454546,
    "Industry, Innovation and Infrastructure": 5.863636363636363,
    "Reduced Inequalities": 2.5454545454545454,
    "Sustainable Cities and Communities": 5.409090909090909,
    "Responsible Consumption and Production": 3.636454545454545,
    "Climate Action": 1.0454545454545454,
    "Life Below Water": 0.0,
    "Life on Land": 1.8636363636363635,
    "Peace, Justice and Strong Institutions": 2.6363636363636362,
    "Partnerships for the Goals": 6.136363636363637
}