{
    "No Poverty": 0.18723333333333333,
    "Zero Hunger": 0.06111111111111111,
    "Good Health and Well-being": 0.9583444444444444,
    "Quality Education": 7.9944444444444445,
    "Gender Equality": 0.4150111111111111,
    "Clean Water and Sanitation": 0.0,
    "Affordable and Clean Energy": 0.1,
    "Decent Work and Economic Growth": 5.969444444444444,
    "Industry, Innovation and Infrastructure": 8.8,
    "Reduced Inequalities": 1.4555666666666667,
    "Sustainable Cities and Communities": 0.9027777777777778,
    "Responsible Consumption and Production": 0.34444444444444444,
    "Climate Action": 0.07777777777777778,
    "Life Below Water": 0.011111111111111112,
    "Life on Land": 0.05,
    "Peace, Justice and Strong Institutions": 2.5577888888888887,
    "Partnerships for the Goals": 4.055555555555555
}