{
    "No Poverty": 0.0,
    "Zero Hunger": 0.14864864864864866,
    "Good Health and Well-being": 8.70945945945946,
    "Quality Education": 5.0,
    "Gender Equality": 4.648648648648648,
    "Clean Water and Sanitation": 1.3513513513513513e-05,
    "Affordable and Clean Energy": 0.0,
    "Decent Work and Economic Growth": 0.06756756756756757,
    "Industry, Innovation and Infrastructure": 0.04055405405405405,
    "Reduced Inequalities": 3.5472972972972974,
    "Sustainable Cities and Communities": 1.054054054054054,
    "Responsible Consumption and Production": 0.10810810810810811,
    "Climate Action": 0.02702702702702703,
    "Life Below Water": 0.0,
    "Life on Land": 0.3108108108108108,
    "Peace, Justice and Strong Institutions": 0.6648783783783784,
    "Partnerships for the Goals": 0.20406756756756758
}