{
    "No Poverty": 0.39204545454545453,
    "Zero Hunger": 0.5568181818181818,
    "Good Health and Well-being": 3.7613636363636362,
    "Quality Education": 8.573863636363637,
    "Gender Equality": 1.3477272727272727,
    "Clean Water and Sanitation": 0.13636363636363635,
    "Affordable and Clean Energy": 0.26136363636363635,
    "Decent Work and Economic Growth": 3.534090909090909,
    "Industry, Innovation and Infrastructure": 2.7670454545454546,
    "Reduced Inequalities": 3.9829545454545454,
    "Sustainable Cities and Communities": 1.2454545454545454,
    "Responsible Consumption and Production": 1.2443295454545455,
    "Climate Action": 0.8011363636363636,
    "Life Below Water": 0.35795454545454547,
    "Life on Land": 0.8465909090909091,
    "Peace, Justice and Strong Institutions": 3.6306931818181813,
    "Partnerships for the Goals": 2.7193181818181817
}