{
    "No Poverty": 0.1772363112391931,
    "Zero Hunger": 0.11672334293948126,
    "Good Health and Well-being": 0.9732247838616714,
    "Quality Education": 9.010086455331413,
    "Gender Equality": 0.8919308357348703,
    "Clean Water and Sanitation": 0.03890489913544669,
    "Affordable and Clean Energy": 0.21037463976945245,
    "Decent Work and Economic Growth": 3.229109510086455,
    "Industry, Innovation and Infrastructure": 1.2111037463976946,
    "Reduced Inequalities": 3.2567780979827092,
    "Sustainable Cities and Communities": 1.8530317002881842,
    "Responsible Consumption and Production": 0.7700489913544668,
    "Climate Action": 0.3683025936599424,
    "Life Below Water": 0.1452449567723343,
    "Life on Land": 0.1639798270893372,
    "Peace, Justice and Strong Institutions": 3.0677262247838617,
    "Partnerships for the Goals": 2.7847262247838613
}