{
    "No Poverty": 1.9333333333333333,
    "Zero Hunger": 0.7888888888888889,
    "Good Health and Well-being": 1.8777777777777778,
    "Quality Education": 7.466666666666667,
    "Gender Equality": 1.9,
    "Clean Water and Sanitation": 0.6555555555555556,
    "Affordable and Clean Energy": 1.7222222222222223,
    "Decent Work and Economic Growth": 6.111111111111111,
    "Industry, Innovation and Infrastructure": 6.533333333333333,
    "Reduced Inequalities": 5.762222222222222,
    "Sustainable Cities and Communities": 2.3333333333333335,
    "Responsible Consumption and Production": 2.2777777777777777,
    "Climate Action": 2.9955555555555557,
    "Life Below Water": 0.6666666666666666,
    "Life on Land": 1.4177777777777778,
    "Peace, Justice and Strong Institutions": 6.5055555555555555,
    "Partnerships for the Goals": 6.072222222222222
}