{
    "No Poverty": 1.002846590909091,
    "Zero Hunger": 0.2812556818181818,
    "Good Health and Well-being": 1.2159119318181817,
    "Quality Education": 7.2265625,
    "Gender Equality": 0.6107954545454546,
    "Clean Water and Sanitation": 0.27982954545454547,
    "Affordable and Clean Energy": 0.5681818181818182,
    "Decent Work and Economic Growth": 7.49375,
    "Industry, Innovation and Infrastructure": 7.159232954545455,
    "Reduced Inequalities": 2.7676164772727274,
    "Sustainable Cities and Communities": 0.833809659090909,
    "Responsible Consumption and Production": 4.610230113636363,
    "Climate Action": 1.3755767045454546,
    "Life Below Water": 0.25142045454545453,
    "Life on Land": 0.3380681818181818,
    "Peace, Justice and Strong Institutions": 4.676991477272727,
    "Partnerships for the Goals": 4.905116477272728
}