{
    "No Poverty": 0.1062992125984252,
    "Zero Hunger": 0.015748031496062992,
    "Good Health and Well-being": 1.4842598425196851,
    "Quality Education": 7.8700787401574805,
    "Gender Equality": 1.4330708661417322,
    "Clean Water and Sanitation": 0.0,
    "Affordable and Clean Energy": 0.2440944881889764,
    "Decent Work and Economic Growth": 5.846456692913386,
    "Industry, Innovation and Infrastructure": 6.889763779527559,
    "Reduced Inequalities": 3.0196850393700787,
    "Sustainable Cities and Communities": 1.1244173228346457,
    "Responsible Consumption and Production": 1.195283464566929,
    "Climate Action": 0.4960708661417323,
    "Life Below Water": 0.03937007874015748,
    "Life on Land": 0.19291338582677164,
    "Peace, Justice and Strong Institutions": 4.56496062992126,
    "Partnerships for the Goals": 3.645669291338583
}