{
    "No Poverty": 2.9850185676392575,
    "Zero Hunger": 0.82957824933687,
    "Good Health and Well-being": 2.0344827586206895,
    "Quality Education": 5.972151193633953,
    "Gender Equality": 1.661809018567639,
    "Clean Water and Sanitation": 0.7758620689655172,
    "Affordable and Clean Energy": 1.0339522546419098,
    "Decent Work and Economic Growth": 5.235549071618037,
    "Industry, Innovation and Infrastructure": 4.620954907161804,
    "Reduced Inequalities": 6.235278514588859,
    "Sustainable Cities and Communities": 3.9045092838196287,
    "Responsible Consumption and Production": 2.263665782493369,
    "Climate Action": 2.2010610079575597,
    "Life Below Water": 0.32626259946949604,
    "Life on Land": 1.6342228116710875,
    "Peace, Justice and Strong Institutions": 6.7840848806366045,
    "Partnerships for the Goals": 5.309615384615384
}