{
    "No Poverty": 1.7865280898876406,
    "Zero Hunger": 0.5561797752808989,
    "Good Health and Well-being": 0.859561797752809,
    "Quality Education": 4.27808988764045,
    "Gender Equality": 0.8651685393258427,
    "Clean Water and Sanitation": 0.11235955056179775,
    "Affordable and Clean Energy": 0.8258426966292135,
    "Decent Work and Economic Growth": 3.960674157303371,
    "Industry, Innovation and Infrastructure": 3.7078764044943817,
    "Reduced Inequalities": 4.432584269662922,
    "Sustainable Cities and Communities": 0.707876404494382,
    "Responsible Consumption and Production": 0.6797752808988764,
    "Climate Action": 1.0168539325842696,
    "Life Below Water": 0.7247191011235955,
    "Life on Land": 0.24720224719101125,
    "Peace, Justice and Strong Institutions": 8.74494382022472,
    "Partnerships for the Goals": 6.812359550561797
}