{
    "No Poverty": 0.31009615384615385,
    "Zero Hunger": 0.29952403846153847,
    "Good Health and Well-being": 1.1562596153846154,
    "Quality Education": 7.932697115384615,
    "Gender Equality": 1.7572115384615385,
    "Clean Water and Sanitation": 0.07692788461538462,
    "Affordable and Clean Energy": 0.026442307692307692,
    "Decent Work and Economic Growth": 2.1000048076923075,
    "Industry, Innovation and Infrastructure": 1.9759615384615385,
    "Reduced Inequalities": 3.9533701923076925,
    "Sustainable Cities and Communities": 3.569951923076923,
    "Responsible Consumption and Production": 0.7500048076923077,
    "Climate Action": 0.21154326923076922,
    "Life Below Water": 0.18317307692307694,
    "Life on Land": 0.6548221153846154,
    "Peace, Justice and Strong Institutions": 4.5266875,
    "Partnerships for the Goals": 2.4901490384615386
}