{
    "No Poverty": 1.5705192307692308,
    "Zero Hunger": 0.24680128205128204,
    "Good Health and Well-being": 1.7436089743589742,
    "Quality Education": 5.233974358974359,
    "Gender Equality": 1.9326987179487178,
    "Clean Water and Sanitation": 0.3301282051282051,
    "Affordable and Clean Energy": 0.3269230769230769,
    "Decent Work and Economic Growth": 4.706730769230769,
    "Industry, Innovation and Infrastructure": 3.157057692307692,
    "Reduced Inequalities": 5.054807692307692,
    "Sustainable Cities and Communities": 0.8416666666666668,
    "Responsible Consumption and Production": 1.3365448717948718,
    "Climate Action": 0.9826923076923078,
    "Life Below Water": 0.5512820512820513,
    "Life on Land": 0.6205128205128205,
    "Peace, Justice and Strong Institutions": 9.528846153846153,
    "Partnerships for the Goals": 2.6442371794871793
}