{
    "No Poverty": 0.001,
    "Zero Hunger": 0.001,
    "Good Health and Well-being": 0.0887017543859649,
    "Quality Education": 8.649140350877193,
    "Gender Equality": 0.001,
    "Clean Water and Sanitation": 0.001,
    "Affordable and Clean Energy": 0.0799298245614035,
    "Decent Work and Economic Growth": 0.0711578947368421,
    "Industry, Innovation and Infrastructure": 6.315807017543859,
    "Reduced Inequalities": 0.001,
    "Sustainable Cities and Communities": 0.001,
    "Responsible Consumption and Production": 0.001,
    "Climate Action": 0.0799298245614035,
    "Life Below Water": 0.001,
    "Life on Land": 0.001,
    "Peace, Justice and Strong Institutions": 1.088578947368421,
    "Partnerships for the Goals": 4.509122807017544
}