{
    "No Poverty": 1.5620615384615386,
    "Zero Hunger": 0.8931384615384615,
    "Good Health and Well-being": 1.5175076923076924,
    "Quality Education": 4.0312,
    "Gender Equality": 0.024046153846153846,
    "Clean Water and Sanitation": 0.746876923076923,
    "Affordable and Clean Energy": 0.7516153846153846,
    "Decent Work and Economic Growth": 6.207707692307692,
    "Industry, Innovation and Infrastructure": 8.055384615384616,
    "Reduced Inequalities": 3.300338461538461,
    "Sustainable Cities and Communities": 8.638461538461538,
    "Responsible Consumption and Production": 1.534476923076923,
    "Climate Action": 2.4667384615384615,
    "Life Below Water": 0.2855384615384615,
    "Life on Land": 3.6479846153846154,
    "Peace, Justice and Strong Institutions": 5.143184615384616,
    "Partnerships for the Goals": 2.7572769230769234
}